pose_id,pose
0,squat_up
1,squat_up
2,squat_up
3,squat_up
4,squat_up
5,squat_up
6,squat_up
7,squat_up
8,squat_up
9,squat_up
10,squat_up
11,squat_up
12,squat_up
13,squat_up
14,squat_up
15,squat_up
16,squat_up
17,squat_up
18,squat_up
19,squat_up
20,squat_up
21,squat_up
22,squat_up
23,squat_up
24,squat_up
25,squat_up
26,squat_up
27,squat_up
28,squat_up
29,squat_up
30,squat_up
31,squat_up
32,squat_up
33,squat_up
34,squat_up
35,squat_up
36,squat_up
37,squat_up
38,squat_up
39,squat_up
40,squat_up
41,squat_up
42,squat_up
43,squat_up
44,squat_up
45,squat_up
46,squat_up
47,squat_up
48,squat_up
49,squat_up
50,squat_up
51,squat_up
52,squat_up
53,squat_up
54,squat_up
55,squat_up
56,squat_up
57,squat_up
58,squat_up
59,squat_up
60,squat_up
61,squat_up
62,squat_up
63,squat_up
64,squat_up
65,squat_up
66,squat_up
67,squat_up
68,squat_up
69,squat_up
70,squat_up
71,squat_up
72,squat_up
73,squat_up
74,squat_up
75,squat_up
76,squat_up
77,squat_up
78,squat_up
79,squat_up
80,squat_up
81,squat_up
82,squat_up
83,squat_up
84,squat_up
85,squat_up
86,squat_up
87,squat_up
88,squat_up
89,squat_up
90,squat_up
91,squat_up
92,squat_up
93,squat_up
94,squat_up
95,squat_up
96,squat_up
97,squat_up
98,squat_up
99,squat_up
100,squat_up
101,squat_up
102,squat_up
103,squat_up
104,squat_up
105,squat_up
106,squat_up
107,squat_up
108,squat_up
109,squat_up
110,squat_up
111,squat_up
112,squat_up
113,squat_up
114,squat_up
115,squat_up
116,squat_up
117,squat_up
118,squat_up
119,squat_up
120,squat_up
121,squat_up
122,squat_up
123,squat_up
124,squat_up
125,squat_up
126,squat_up
127,squat_up
128,squat_up
129,squat_up
130,squat_up
131,squat_up
132,squat_up
133,squat_up
134,squat_up
135,squat_up
136,squat_up
137,squat_up
138,squat_up
139,squat_up
140,squat_up
141,squat_up
142,squat_up
143,squat_up
144,squat_up
145,squat_up
146,squat_up
147,squat_up
148,squat_up
149,squat_up
150,squat_down
151,squat_down
152,squat_down
153,squat_down
154,squat_down
155,squat_down
156,squat_down
157,squat_down
158,squat_down
159,squat_down
160,squat_down
161,squat_down
162,squat_down
163,squat_down
164,squat_down
165,squat_down
166,squat_down
167,squat_down
168,squat_down
169,squat_down
170,squat_down
171,squat_down
172,squat_down
173,squat_down
174,squat_down
175,squat_down
176,squat_down
177,squat_down
178,squat_down
179,squat_down
180,squat_down
181,squat_down
182,squat_down
183,squat_down
184,squat_down
185,squat_down
186,squat_down
187,squat_down
188,squat_down
189,squat_down
190,squat_down
191,squat_down
192,squat_down
193,squat_down
194,squat_down
195,squat_down
196,squat_down
197,squat_down
198,squat_down
199,squat_down
200,squat_down
201,squat_down
202,squat_down
203,squat_down
204,squat_down
205,squat_down
206,squat_down
207,squat_down
208,squat_down
209,squat_down
210,squat_down
211,squat_down
212,squat_down
213,squat_down
214,squat_down
215,squat_down
216,squat_down
217,squat_down
218,squat_down
219,squat_down
220,squat_down
221,squat_down
222,squat_down
223,squat_down
224,squat_down
225,squat_down
226,squat_down
227,squat_down
228,squat_down
229,squat_down
230,squat_down
231,squat_down
232,squat_down
233,squat_down
234,squat_down
235,squat_down
236,squat_down
237,squat_down
238,squat_down
239,squat_down
240,squat_down
241,squat_down
242,squat_down
243,squat_down
244,squat_down
245,squat_down
246,squat_down
247,squat_down
248,squat_down
249,squat_down
250,squat_down
251,squat_down
252,squat_down
253,squat_down
254,squat_down
255,squat_down
256,squat_down
257,squat_down
258,squat_down
259,squat_down
260,squat_down
261,squat_down
262,squat_down
263,squat_down
264,squat_down
265,squat_down
266,squat_down
267,squat_down
268,squat_down
269,squat_down
270,squat_down
271,squat_down
272,squat_down
273,squat_down
274,squat_down
275,squat_down
276,squat_down
277,squat_down
278,squat_down
279,squat_down
280,squat_down
281,squat_down
282,squat_down
283,squat_down
284,squat_down
285,squat_down
286,squat_down
287,squat_down
288,squat_down
289,squat_down
290,squat_down
291,squat_down
292,squat_down
293,squat_down
294,squat_down
295,squat_down
296,squat_down
297,squat_down
298,squat_down
299,squat_down
300,pushup_up
301,pushup_up
302,pushup_up
303,pushup_up
304,pushup_up
305,pushup_up
306,pushup_up
307,pushup_up
308,pushup_up
309,pushup_up
310,pushup_up
311,pushup_up
312,pushup_up
313,pushup_up
314,pushup_up
315,pushup_up
316,pushup_up
317,pushup_up
318,pushup_up
319,pushup_up
320,pushup_up
321,pushup_up
322,pushup_up
323,pushup_up
324,pushup_up
325,pushup_up
326,pushup_up
327,pushup_up
328,pushup_up
329,pushup_up
330,pushup_up
331,pushup_up
332,pushup_up
333,pushup_up
334,pushup_up
335,pushup_up
336,pushup_up
337,pushup_up
338,pushup_up
339,pushup_up
340,pushup_up
341,pushup_up
342,pushup_up
343,pushup_up
344,pushup_up
345,pushup_up
346,pushup_up
347,pushup_up
348,pushup_up
349,pushup_up
350,pushup_up
351,pushup_up
352,pushup_up
353,pushup_up
354,pushup_up
355,pushup_up
356,pushup_up
357,pushup_up
358,pushup_up
359,pushup_up
360,pushup_up
361,pushup_up
362,pushup_up
363,pushup_up
364,pushup_up
365,pushup_up
366,pushup_up
367,pushup_up
368,pushup_up
369,pushup_up
370,pushup_up
371,pushup_up
372,pushup_up
373,pushup_up
374,pushup_up
375,pushup_up
376,pushup_up
377,pushup_up
378,pushup_up
379,pushup_up
380,pushup_up
381,pushup_up
382,pushup_up
383,pushup_up
384,pushup_up
385,pushup_up
386,pushup_up
387,pushup_up
388,pushup_up
389,pushup_up
390,pushup_up
391,pushup_up
392,pushup_up
393,pushup_up
394,pushup_up
395,pushup_up
396,pushup_up
397,pushup_up
398,pushup_up
399,pushup_up
400,pushup_up
401,pushup_up
402,pushup_up
403,pushup_up
404,pushup_up
405,pushup_up
406,pushup_up
407,pushup_up
408,pushup_up
409,pushup_up
410,pushup_up
411,pushup_up
412,pushup_up
413,pushup_up
414,pushup_up
415,pushup_up
416,pushup_up
417,pushup_up
418,pushup_up
419,pushup_up
420,pushup_up
421,pushup_up
422,pushup_up
423,pushup_up
424,pushup_up
425,pushup_up
426,pushup_up
427,pushup_up
428,pushup_up
429,pushup_up
430,pushup_up
431,pushup_up
432,pushup_up
433,pushup_up
434,pushup_up
435,pushup_up
436,pushup_up
437,pushup_up
438,pushup_up
439,pushup_up
440,pushup_up
441,pushup_up
442,pushup_up
443,pushup_up
444,pushup_up
445,pushup_up
446,pushup_up
447,pushup_up
448,pushup_up
449,pushup_up
450,pushup_down
451,pushup_down
452,pushup_down
453,pushup_down
454,pushup_down
455,pushup_down
456,pushup_down
457,pushup_down
458,pushup_down
459,pushup_down
460,pushup_down
461,pushup_down
462,pushup_down
463,pushup_down
464,pushup_down
465,pushup_down
466,pushup_down
467,pushup_down
468,pushup_down
469,pushup_down
470,pushup_down
471,pushup_down
472,pushup_down
473,pushup_down
474,pushup_down
475,pushup_down
476,pushup_down
477,pushup_down
478,pushup_down
479,pushup_down
480,pushup_down
481,pushup_down
482,pushup_down
483,pushup_down
484,pushup_down
485,pushup_down
486,pushup_down
487,pushup_down
488,pushup_down
489,pushup_down
490,pushup_down
491,pushup_down
492,pushup_down
493,pushup_down
494,pushup_down
495,pushup_down
496,pushup_down
497,pushup_down
498,pushup_down
499,pushup_down
500,pushup_down
501,pushup_down
502,pushup_down
503,pushup_down
504,pushup_down
505,pushup_down
506,pushup_down
507,pushup_down
508,pushup_down
509,pushup_down
510,pushup_down
511,pushup_down
512,pushup_down
513,pushup_down
514,pushup_down
515,pushup_down
516,pushup_down
517,pushup_down
518,pushup_down
519,pushup_down
520,pushup_down
521,pushup_down
522,pushup_down
523,pushup_down
524,pushup_down
525,pushup_down
526,pushup_down
527,pushup_down
528,pushup_down
529,pushup_down
530,pushup_down
531,pushup_down
532,pushup_down
533,pushup_down
534,pushup_down
535,pushup_down
536,pushup_down
537,pushup_down
538,pushup_down
539,pushup_down
540,pushup_down
541,pushup_down
542,pushup_down
543,pushup_down
544,pushup_down
545,pushup_down
546,pushup_down
547,pushup_down
548,pushup_down
549,pushup_down
550,pushup_down
551,pushup_down
552,pushup_down
553,pushup_down
554,pushup_down
555,pushup_down
556,pushup_down
557,pushup_down
558,pushup_down
559,pushup_down
560,pushup_down
561,pushup_down
562,pushup_down
563,pushup_down
564,pushup_down
565,pushup_down
566,pushup_down
567,pushup_down
568,pushup_down
569,pushup_down
570,pushup_down
571,pushup_down
572,pushup_down
573,pushup_down
574,pushup_down
575,pushup_down
576,pushup_down
577,pushup_down
578,pushup_down
579,pushup_down
580,pushup_down
581,pushup_down
582,pushup_down
583,pushup_down
584,pushup_down
585,pushup_down
586,pushup_down
587,pushup_down
588,pushup_down
589,pushup_down
590,pushup_down
591,pushup_down
592,pushup_down
593,pushup_down
594,pushup_down
595,pushup_down
596,pushup_down
597,pushup_down
598,pushup_down
599,pushup_down
600,pullup_up
601,pullup_up
602,pullup_up
603,pullup_up
604,pullup_up
605,pullup_up
606,pullup_up
607,pullup_up
608,pullup_up
609,pullup_up
610,pullup_up
611,pullup_up
612,pullup_up
613,pullup_up
614,pullup_up
615,pullup_up
616,pullup_up
617,pullup_up
618,pullup_up
619,pullup_up
620,pullup_up
621,pullup_up
622,pullup_up
623,pullup_up
624,pullup_up
625,pullup_up
626,pullup_up
627,pullup_up
628,pullup_up
629,pullup_up
630,pullup_up
631,pullup_up
632,pullup_up
633,pullup_up
634,pullup_up
635,pullup_up
636,pullup_up
637,pullup_up
638,pullup_up
639,pullup_up
640,pullup_up
641,pullup_up
642,pullup_up
643,pullup_up
644,pullup_up
645,pullup_up
646,pullup_up
647,pullup_up
648,pullup_up
649,pullup_up
650,pullup_up
651,pullup_up
652,pullup_up
653,pullup_up
654,pullup_up
655,pullup_up
656,pullup_up
657,pullup_up
658,pullup_up
659,pullup_up
660,pullup_up
661,pullup_up
662,pullup_up
663,pullup_up
664,pullup_up
665,pullup_up
666,pullup_up
667,pullup_up
668,pullup_up
669,pullup_up
670,pullup_up
671,pullup_up
672,pullup_up
673,pullup_up
674,pullup_up
675,pullup_up
676,pullup_up
677,pullup_up
678,pullup_up
679,pullup_up
680,pullup_up
681,pullup_up
682,pullup_up
683,pullup_up
684,pullup_up
685,pullup_up
686,pullup_up
687,pullup_up
688,pullup_up
689,pullup_up
690,pullup_up
691,pullup_up
692,pullup_up
693,pullup_up
694,pullup_up
695,pullup_up
696,pullup_up
697,pullup_up
698,pullup_up
699,pullup_up
700,pullup_up
701,pullup_up
702,pullup_up
703,pullup_up
704,pullup_up
705,pullup_up
706,pullup_up
707,pullup_up
708,pullup_up
709,pullup_up
710,pullup_up
711,pullup_up
712,pullup_up
713,pullup_up
714,pullup_up
715,pullup_up
716,pullup_up
717,pullup_up
718,pullup_up
719,pullup_up
720,pullup_up
721,pullup_up
722,pullup_up
723,pullup_up
724,pullup_up
725,pullup_up
726,pullup_up
727,pullup_up
728,pullup_up
729,pullup_up
730,pullup_up
731,pullup_up
732,pullup_up
733,pullup_up
734,pullup_up
735,pullup_up
736,pullup_up
737,pullup_up
738,pullup_up
739,pullup_up
740,pullup_up
741,pullup_up
742,pullup_up
743,pullup_up
744,pullup_up
745,pullup_up
746,pullup_up
747,pullup_up
748,pullup_up
749,pullup_up
750,pullup_down
751,pullup_down
752,pullup_down
753,pullup_down
754,pullup_down
755,pullup_down
756,pullup_down
757,pullup_down
758,pullup_down
759,pullup_down
760,pullup_down
761,pullup_down
762,pullup_down
763,pullup_down
764,pullup_down
765,pullup_down
766,pullup_down
767,pullup_down
768,pullup_down
769,pullup_down
770,pullup_down
771,pullup_down
772,pullup_down
773,pullup_down
774,pullup_down
775,pullup_down
776,pullup_down
777,pullup_down
778,pullup_down
779,pullup_down
780,pullup_down
781,pullup_down
782,pullup_down
783,pullup_down
784,pullup_down
785,pullup_down
786,pullup_down
787,pullup_down
788,pullup_down
789,pullup_down
790,pullup_down
791,pullup_down
792,pullup_down
793,pullup_down
794,pullup_down
795,pullup_down
796,pullup_down
797,pullup_down
798,pullup_down
799,pullup_down
800,pullup_down
801,pullup_down
802,pullup_down
803,pullup_down
804,pullup_down
805,pullup_down
806,pullup_down
807,pullup_down
808,pullup_down
809,pullup_down
810,pullup_down
811,pullup_down
812,pullup_down
813,pullup_down
814,pullup_down
815,pullup_down
816,pullup_down
817,pullup_down
818,pullup_down
819,pullup_down
820,pullup_down
821,pullup_down
822,pullup_down
823,pullup_down
824,pullup_down
825,pullup_down
826,pullup_down
827,pullup_down
828,pullup_down
829,pullup_down
830,pullup_down
831,pullup_down
832,pullup_down
833,pullup_down
834,pullup_down
835,pullup_down
836,pullup_down
837,pullup_down
838,pullup_down
839,pullup_down
840,pullup_down
841,pullup_down
842,pullup_down
843,pullup_down
844,pullup_down
845,pullup_down
846,pullup_down
847,pullup_down
848,pullup_down
849,pullup_down
850,pullup_down
851,pullup_down
852,pullup_down
853,pullup_down
854,pullup_down
855,pullup_down
856,pullup_down
857,pullup_down
858,pullup_down
859,pullup_down
860,pullup_down
861,pullup_down
862,pullup_down
863,pullup_down
864,pullup_down
865,pullup_down
866,pullup_down
867,pullup_down
868,pullup_down
869,pullup_down
870,pullup_down
871,pullup_down
872,pullup_down
873,pullup_down
874,pullup_down
875,pullup_down
876,pullup_down
877,pullup_down
878,pullup_down
879,pullup_down
880,pullup_down
881,pullup_down
882,pullup_down
883,pullup_down
884,pullup_down
885,pullup_down
886,pullup_down
887,pullup_down
888,pullup_down
889,pullup_down
890,pullup_down
891,pullup_down
892,pullup_down
893,pullup_down
894,pullup_down
895,pullup_down
896,pullup_down
897,pullup_down
898,pullup_down
899,pullup_down
900,situp_up
901,situp_up
902,situp_up
903,situp_up
904,situp_up
905,situp_up
906,situp_up
907,situp_up
908,situp_up
909,situp_up
910,situp_up
911,situp_up
912,situp_up
913,situp_up
914,situp_up
915,situp_up
916,situp_up
917,situp_up
918,situp_up
919,situp_up
920,situp_up
921,situp_up
922,situp_up
923,situp_up
924,situp_up
925,situp_up
926,situp_up
927,situp_up
928,situp_up
929,situp_up
930,situp_up
931,situp_up
932,situp_up
933,situp_up
934,situp_up
935,situp_up
936,situp_up
937,situp_up
938,situp_up
939,situp_up
940,situp_up
941,situp_up
942,situp_up
943,situp_up
944,situp_up
945,situp_up
946,situp_up
947,situp_up
948,situp_up
949,situp_up
950,situp_up
951,situp_up
952,situp_up
953,situp_up
954,situp_up
955,situp_up
956,situp_up
957,situp_up
958,situp_up
959,situp_up
960,situp_up
961,situp_up
962,situp_up
963,situp_up
964,situp_up
965,situp_up
966,situp_up
967,situp_up
968,situp_up
969,situp_up
970,situp_up
971,situp_up
972,situp_up
973,situp_up
974,situp_up
975,situp_up
976,situp_up
977,situp_up
978,situp_up
979,situp_up
980,situp_up
981,situp_up
982,situp_up
983,situp_up
984,situp_up
985,situp_up
986,situp_up
987,situp_up
988,situp_up
989,situp_up
990,situp_up
991,situp_up
992,situp_up
993,situp_up
994,situp_up
995,situp_up
996,situp_up
997,situp_up
998,situp_up
999,situp_up
1000,situp_up
1001,situp_up
1002,situp_up
1003,situp_up
1004,situp_up
1005,situp_up
1006,situp_up
1007,situp_up
1008,situp_up
1009,situp_up
1010,situp_up
1011,situp_up
1012,situp_up
1013,situp_up
1014,situp_up
1015,situp_up
1016,situp_up
1017,situp_up
1018,situp_up
1019,situp_up
1020,situp_up
1021,situp_up
1022,situp_up
1023,situp_up
1024,situp_up
1025,situp_up
1026,situp_up
1027,situp_up
1028,situp_up
1029,situp_up
1030,situp_up
1031,situp_up
1032,situp_up
1033,situp_up
1034,situp_up
1035,situp_up
1036,situp_up
1037,situp_up
1038,situp_up
1039,situp_up
1040,situp_up
1041,situp_up
1042,situp_up
1043,situp_up
1044,situp_up
1045,situp_up
1046,situp_up
1047,situp_up
1048,situp_up
1049,situp_up
1050,situp_down
1051,situp_down
1052,situp_down
1053,situp_down
1054,situp_down
1055,situp_down
1056,situp_down
1057,situp_down
1058,situp_down
1059,situp_down
1060,situp_down
1061,situp_down
1062,situp_down
1063,situp_down
1064,situp_down
1065,situp_down
1066,situp_down
1067,situp_down
1068,situp_down
1069,situp_down
1070,situp_down
1071,situp_down
1072,situp_down
1073,situp_down
1074,situp_down
1075,situp_down
1076,situp_down
1077,situp_down
1078,situp_down
1079,situp_down
1080,situp_down
1081,situp_down
1082,situp_down
1083,situp_down
1084,situp_down
1085,situp_down
1086,situp_down
1087,situp_down
1088,situp_down
1089,situp_down
1090,situp_down
1091,situp_down
1092,situp_down
1093,situp_down
1094,situp_down
1095,situp_down
1096,situp_down
1097,situp_down
1098,situp_down
1099,situp_down
1100,situp_down
1101,situp_down
1102,situp_down
1103,situp_down
1104,situp_down
1105,situp_down
1106,situp_down
1107,situp_down
1108,situp_down
1109,situp_down
1110,situp_down
1111,situp_down
1112,situp_down
1113,situp_down
1114,situp_down
1115,situp_down
1116,situp_down
1117,situp_down
1118,situp_down
1119,situp_down
1120,situp_down
1121,situp_down
1122,situp_down
1123,situp_down
1124,situp_down
1125,situp_down
1126,situp_down
1127,situp_down
1128,situp_down
1129,situp_down
1130,situp_down
1131,situp_down
1132,situp_down
1133,situp_down
1134,situp_down
1135,situp_down
1136,situp_down
1137,situp_down
1138,situp_down
1139,situp_down
1140,situp_down
1141,situp_down
1142,situp_down
1143,situp_down
1144,situp_down
1145,situp_down
1146,situp_down
1147,situp_down
1148,situp_down
1149,situp_down
1150,situp_down
1151,situp_down
1152,situp_down
1153,situp_down
1154,situp_down
1155,situp_down
1156,situp_down
1157,situp_down
1158,situp_down
1159,situp_down
1160,situp_down
1161,situp_down
1162,situp_down
1163,situp_down
1164,situp_down
1165,situp_down
1166,situp_down
1167,situp_down
1168,situp_down
1169,situp_down
1170,situp_down
1171,situp_down
1172,situp_down
1173,situp_down
1174,situp_down
1175,situp_down
1176,situp_down
1177,situp_down
1178,situp_down
1179,situp_down
1180,situp_down
1181,situp_down
1182,situp_down
1183,situp_down
1184,situp_down
1185,situp_down
1186,situp_down
1187,situp_down
1188,situp_down
1189,situp_down
1190,situp_down
1191,situp_down
1192,situp_down
1193,situp_down
1194,situp_down
1195,situp_down
1196,situp_down
1197,situp_down
1198,situp_down
1199,situp_down
1200,jumpingjack_up
1201,jumpingjack_up
1202,jumpingjack_up
1203,jumpingjack_up
1204,jumpingjack_up
1205,jumpingjack_up
1206,jumpingjack_up
1207,jumpingjack_up
1208,jumpingjack_up
1209,jumpingjack_up
1210,jumpingjack_up
1211,jumpingjack_up
1212,jumpingjack_up
1213,jumpingjack_up
1214,jumpingjack_up
1215,jumpingjack_up
1216,jumpingjack_up
1217,jumpingjack_up
1218,jumpingjack_up
1219,jumpingjack_up
1220,jumpingjack_up
1221,jumpingjack_up
1222,jumpingjack_up
1223,jumpingjack_up
1224,jumpingjack_up
1225,jumpingjack_up
1226,jumpingjack_up
1227,jumpingjack_up
1228,jumpingjack_up
1229,jumpingjack_up
1230,jumpingjack_up
1231,jumpingjack_up
1232,jumpingjack_up
1233,jumpingjack_up
1234,jumpingjack_up
1235,jumpingjack_up
1236,jumpingjack_up
1237,jumpingjack_up
1238,jumpingjack_up
1239,jumpingjack_up
1240,jumpingjack_up
1241,jumpingjack_up
1242,jumpingjack_up
1243,jumpingjack_up
1244,jumpingjack_up
1245,jumpingjack_up
1246,jumpingjack_up
1247,jumpingjack_up
1248,jumpingjack_up
1249,jumpingjack_up
1250,jumpingjack_up
1251,jumpingjack_up
1252,jumpingjack_up
1253,jumpingjack_up
1254,jumpingjack_up
1255,jumpingjack_up
1256,jumpingjack_up
1257,jumpingjack_up
1258,jumpingjack_up
1259,jumpingjack_up
1260,jumpingjack_up
1261,jumpingjack_up
1262,jumpingjack_up
1263,jumpingjack_up
1264,jumpingjack_up
1265,jumpingjack_up
1266,jumpingjack_up
1267,jumpingjack_up
1268,jumpingjack_up
1269,jumpingjack_up
1270,jumpingjack_up
1271,jumpingjack_up
1272,jumpingjack_up
1273,jumpingjack_up
1274,jumpingjack_up
1275,jumpingjack_up
1276,jumpingjack_up
1277,jumpingjack_up
1278,jumpingjack_up
1279,jumpingjack_up
1280,jumpingjack_up
1281,jumpingjack_up
1282,jumpingjack_up
1283,jumpingjack_up
1284,jumpingjack_up
1285,jumpingjack_up
1286,jumpingjack_up
1287,jumpingjack_up
1288,jumpingjack_up
1289,jumpingjack_up
1290,jumpingjack_up
1291,jumpingjack_up
1292,jumpingjack_up
1293,jumpingjack_up
1294,jumpingjack_up
1295,jumpingjack_up
1296,jumpingjack_up
1297,jumpingjack_up
1298,jumpingjack_up
1299,jumpingjack_up
1300,jumpingjack_up
1301,jumpingjack_up
1302,jumpingjack_up
1303,jumpingjack_up
1304,jumpingjack_up
1305,jumpingjack_up
1306,jumpingjack_up
1307,jumpingjack_up
1308,jumpingjack_up
1309,jumpingjack_up
1310,jumpingjack_up
1311,jumpingjack_up
1312,jumpingjack_up
1313,jumpingjack_up
1314,jumpingjack_up
1315,jumpingjack_up
1316,jumpingjack_up
1317,jumpingjack_up
1318,jumpingjack_up
1319,jumpingjack_up
1320,jumpingjack_up
1321,jumpingjack_up
1322,jumpingjack_up
1323,jumpingjack_up
1324,jumpingjack_up
1325,jumpingjack_up
1326,jumpingjack_up
1327,jumpingjack_up
1328,jumpingjack_up
1329,jumpingjack_up
1330,jumpingjack_up
1331,jumpingjack_up
1332,jumpingjack_up
1333,jumpingjack_up
1334,jumpingjack_up
1335,jumpingjack_up
1336,jumpingjack_up
1337,jumpingjack_up
1338,jumpingjack_up
1339,jumpingjack_up
1340,jumpingjack_up
1341,jumpingjack_up
1342,jumpingjack_up
1343,jumpingjack_up
1344,jumpingjack_up
1345,jumpingjack_up
1346,jumpingjack_up
1347,jumpingjack_up
1348,jumpingjack_up
1349,jumpingjack_up
1350,jumpingjack_down
1351,jumpingjack_down
1352,jumpingjack_down
1353,jumpingjack_down
1354,jumpingjack_down
1355,jumpingjack_down
1356,jumpingjack_down
1357,jumpingjack_down
1358,jumpingjack_down
1359,jumpingjack_down
1360,jumpingjack_down
1361,jumpingjack_down
1362,jumpingjack_down
1363,jumpingjack_down
1364,jumpingjack_down
1365,jumpingjack_down
1366,jumpingjack_down
1367,jumpingjack_down
1368,jumpingjack_down
1369,jumpingjack_down
1370,jumpingjack_down
1371,jumpingjack_down
1372,jumpingjack_down
1373,jumpingjack_down
1374,jumpingjack_down
1375,jumpingjack_down
1376,jumpingjack_down
1377,jumpingjack_down
1378,jumpingjack_down
1379,jumpingjack_down
1380,jumpingjack_down
1381,jumpingjack_down
1382,jumpingjack_down
1383,jumpingjack_down
1384,jumpingjack_down
1385,jumpingjack_down
1386,jumpingjack_down
1387,jumpingjack_down
1388,jumpingjack_down
1389,jumpingjack_down
1390,jumpingjack_down
1391,jumpingjack_down
1392,jumpingjack_down
1393,jumpingjack_down
1394,jumpingjack_down
1395,jumpingjack_down
1396,jumpingjack_down
1397,jumpingjack_down
1398,jumpingjack_down
1399,jumpingjack_down
1400,jumpingjack_down
1401,jumpingjack_down
1402,jumpingjack_down
1403,jumpingjack_down
1404,jumpingjack_down
1405,jumpingjack_down
1406,jumpingjack_down
1407,jumpingjack_down
1408,jumpingjack_down
1409,jumpingjack_down
1410,jumpingjack_down
1411,jumpingjack_down
1412,jumpingjack_down
1413,jumpingjack_down
1414,jumpingjack_down
1415,jumpingjack_down
1416,jumpingjack_down
1417,jumpingjack_down
1418,jumpingjack_down
1419,jumpingjack_down
1420,jumpingjack_down
1421,jumpingjack_down
1422,jumpingjack_down
1423,jumpingjack_down
1424,jumpingjack_down
1425,jumpingjack_down
1426,jumpingjack_down
1427,jumpingjack_down
1428,jumpingjack_down
1429,jumpingjack_down
1430,jumpingjack_down
1431,jumpingjack_down
1432,jumpingjack_down
1433,jumpingjack_down
1434,jumpingjack_down
1435,jumpingjack_down
1436,jumpingjack_down
1437,jumpingjack_down
1438,jumpingjack_down
1439,jumpingjack_down
1440,jumpingjack_down
1441,jumpingjack_down
1442,jumpingjack_down
1443,jumpingjack_down
1444,jumpingjack_down
1445,jumpingjack_down
1446,jumpingjack_down
1447,jumpingjack_down
1448,jumpingjack_down
1449,jumpingjack_down
1450,jumpingjack_down
1451,jumpingjack_down
1452,jumpingjack_down
1453,jumpingjack_down
1454,jumpingjack_down
1455,jumpingjack_down
1456,jumpingjack_down
1457,jumpingjack_down
1458,jumpingjack_down
1459,jumpingjack_down
1460,jumpingjack_down
1461,jumpingjack_down
1462,jumpingjack_down
1463,jumpingjack_down
1464,jumpingjack_down
1465,jumpingjack_down
1466,jumpingjack_down
1467,jumpingjack_down
1468,jumpingjack_down
1469,jumpingjack_down
1470,jumpingjack_down
1471,jumpingjack_down
1472,jumpingjack_down
1473,jumpingjack_down
1474,jumpingjack_down
1475,jumpingjack_down
1476,jumpingjack_down
1477,jumpingjack_down
1478,jumpingjack_down
1479,jumpingjack_down
1480,jumpingjack_down
1481,jumpingjack_down
1482,jumpingjack_down
1483,jumpingjack_down
1484,jumpingjack_down
1485,jumpingjack_down
1486,jumpingjack_down
1487,jumpingjack_down
1488,jumpingjack_down
1489,jumpingjack_down
1490,jumpingjack_down
1491,jumpingjack_down
1492,jumpingjack_down
1493,jumpingjack_down
1494,jumpingjack_down
1495,jumpingjack_down
1496,jumpingjack_down
1497,jumpingjack_down
1498,jumpingjack_down
1499,jumpingjack_down
